{"config_name": "longonly_binance_solusdt_271days_adg0.663%_bkr89.98%_eqbal77.34%",
 "logging_level": 0,
 "long": {"enabled": true,
          "eprice_exp_base": 1.618034,
          "eprice_pprice_diff": 0.008187397532499465,
          "grid_span": 0.08997620297737569,
          "initial_qty_pct": 0.009575170739127158,
          "markup_range": 0.007245140041496134,
          "max_n_entry_orders": 10,
          "min_markup": 0.003727597658119029,
          "n_close_orders": 7,
          "pbr_limit": 0.9797076648238684,
          "secondary_grid_spacing": 0.0864114256000052,
          "secondary_pbr_allocation": 0.30250396592270856},
 "shrt": {"enabled": false,
          "eprice_exp_base": 1.618034,
          "eprice_pprice_diff": 0.001,
          "grid_span": 0.03,
          "initial_qty_pct": 0.001,
          "markup_range": 0.004,
          "max_n_entry_orders": 10,
          "min_markup": 0.0005,
          "n_close_orders": 7,
          "pbr_limit": 0.5,
          "secondary_grid_spacing": 0.21,
          "secondary_pbr_allocation": 0}}